kind,run_file,run_mtime,victory,floor_reached,killed_by,combats,total_damage,total_turns,lethal_damage,lethal_turns,deck_size,nonstarter_cards,relic_count,potions_obtained,potions_used,items_purchased,purges,act1_elites,boss_reached
run,1779632241.run,1779632241.926772,False,8,3 Sentries,4,87,13,84,8,11,2,3,2,0,0,1,1,False
run,1779632271.run,1779632271.8153386,False,10,Lots of Slimes,4,103,14,31,2,12,5,4,1,0,0,1,0,False
run,1779632849.run,1779632849.9768481,False,8,Exordium Wildlife,4,71,13,63,7,12,3,3,1,0,0,0,0,False
run,1779632890.run,1779632890.5134404,False,10,Exordium Thugs,6,92,18,49,4,12,4,3,2,0,0,1,0,False
run,1779632921.run,1779632921.829951,False,8,Large Slime,5,71,13,11,1,12,3,2,1,0,0,0,0,False
run,1779632997.run,1779632997.8299944,False,13,Lagavulin Event,7,175,44,18,3,13,5,4,3,0,0,1,0,False
run,1779633041.run,1779633041.0886793,False,10,Blue Slaver,5,96,22,35,5,12,6,5,1,0,0,1,0,False
run,1779633067.run,1779633067.8710384,False,8,Exordium Thugs,4,82,11,82,7,9,2,2,0,0,0,1,0,False
run,1779633106.run,1779633106.4338048,False,8,Large Slime,4,90,20,82,14,9,2,2,1,0,0,0,0,False
run,1779633147.run,1779633147.6054604,False,10,The Mushroom Lair,5,96,20,83,10,10,2,3,1,0,1,1,0,False
run,1779633187.run,1779633187.201572,False,8,Large Slime,5,93,20,53,9,13,3,4,3,0,0,0,0,False
run,1779633216.run,1779633216.005876,False,10,Exordium Thugs,4,71,11,71,7,11,3,4,3,0,0,1,0,False
run,1779633255.run,1779633255.2717724,False,13,The Mushroom Lair,5,83,17,58,4,12,6,4,1,0,0,1,0,False
run,1779633302.run,1779633302.9141262,False,10,Large Slime,5,92,22,75,15,11,4,3,3,0,0,1,0,False
run,1779633371.run,1779633371.2002983,False,16,Hexaghost,8,139,36,40,8,16,7,4,5,0,0,1,0,True
run,1779633436.run,1779633436.9586675,False,14,2 Fungi Beasts,6,164,37,56,7,12,5,3,2,0,0,1,0,False
run,1779633477.run,1779633477.3647697,False,10,Gremlin Gang,6,97,20,7,1,14,5,3,1,0,0,0,0,False
run,1779633535.run,1779633535.3759973,False,16,Slime Boss,7,156,29,70,6,12,5,3,2,0,0,1,0,True
run,1779633574.run,1779633574.0380495,False,11,Jaw Worm,3,84,21,32,5,8,2,2,0,0,0,2,0,False
run,1779633615.run,1779633615.4283693,False,8,Gremlin Nob,6,96,21,58,6,14,4,3,2,0,0,0,0,False
run,1779633672.run,1779633672.9807577,False,12,Blue Slaver,6,103,29,67,13,11,3,3,1,0,0,1,0,False
run,1779633697.run,1779633697.6492374,False,7,Exordium Thugs,4,86,11,86,6,11,2,2,3,0,0,0,0,False
run,1779633724.run,1779633724.4417706,False,5,Gremlin Gang,4,87,12,82,7,10,1,2,1,0,0,1,0,False
run,1779633774.run,1779633774.858714,False,11,Gremlin Gang,7,106,24,67,7,13,4,3,2,0,1,1,0,False
run,1779633824.run,1779633824.278381,False,11,Large Slime,6,96,25,63,12,11,4,3,2,0,0,0,0,False
run,1779633865.run,1779633865.6319525,False,16,Slime Boss,5,100,20,75,9,9,4,4,2,0,0,2,0,True
run,1779633926.run,1779633926.314247,False,16,The Guardian,6,168,34,46,4,11,6,3,2,0,0,1,0,True
run,1779633964.run,1779633964.2727802,False,7,Red Slaver,4,134,22,52,5,12,3,2,1,0,0,0,0,False
run,1779634008.run,1779634008.8262658,False,12,Gremlin Nob,6,111,21,57,5,12,3,4,1,0,0,1,1,False
run,1779634070.run,1779634070.1843648,False,13,Gremlin Gang,6,118,16,55,3,12,3,3,2,0,0,1,0,False
run,1779634123.run,1779634123.2553105,False,16,Hexaghost,7,158,23,81,8,13,5,3,3,0,0,1,0,True
run,1779634143.run,1779634143.7164834,False,6,Gremlin Nob,2,107,10,96,6,9,1,1,1,0,0,1,1,False
run,1779634202.run,1779634202.3931496,False,12,Lots of Slimes,7,135,28,36,2,12,3,3,4,0,0,1,0,False
run,1779634242.run,1779634242.347455,False,7,Exordium Wildlife,6,100,22,54,7,12,3,2,2,0,0,1,0,False
run,1779634274.run,1779634274.4960232,False,7,Lagavulin,5,100,17,67,6,12,2,2,1,0,0,0,1,False
run,1779634306.run,1779634306.5462403,False,6,3 Sentries,4,103,15,57,6,12,3,2,4,0,0,1,1,False
run,1779634355.run,1779634355.70024,False,12,Exordium Thugs,7,104,25,53,6,15,6,3,3,0,0,1,0,False
run,1779634394.run,1779634394.525569,False,10,Lagavulin,5,94,18,67,8,13,4,3,0,0,0,1,1,False
run,1779634441.run,1779634441.7431672,False,16,The Guardian,6,141,21,57,6,11,4,4,4,0,0,2,0,True
run,1779634482.run,1779634482.3497033,False,5,Exordium Thugs,4,103,24,27,6,11,2,2,1,0,0,0,0,False
run,1779634529.run,1779634529.7104797,False,16,Slime Boss,6,107,23,56,9,13,7,5,2,0,0,1,0,True
run,1779634592.run,1779634592.4136734,False,16,Hexaghost,8,148,31,77,7,15,6,2,6,0,0,0,0,True
run,1779634622.run,1779634622.37453,False,5,Cultist,3,94,18,77,9,9,2,1,1,0,0,1,0,False
run,1779634668.run,1779634668.6529772,False,10,Exordium Thugs,6,95,19,14,2,12,3,3,1,0,0,1,0,False
run,1779634720.run,1779634720.179181,False,14,Gremlin Gang,6,122,23,41,3,11,4,5,1,0,1,1,0,False
run,1779634747.run,1779634747.506391,False,6,Lagavulin,4,106,15,96,9,11,1,2,1,0,0,0,1,False
run,1779634775.run,1779634775.0875075,False,8,Exordium Wildlife,4,91,13,81,9,11,2,2,0,0,0,1,0,False
run,1779634804.run,1779634804.0096672,False,11,Exordium Thugs,4,84,12,83,8,12,4,4,2,0,0,1,0,False
run,1779634844.run,1779634844.1938915,False,11,Lagavulin,5,108,19,98,11,12,7,3,2,0,0,1,1,False
run,1779634891.run,1779634891.387879,False,11,Lagavulin,6,107,21,49,6,16,7,4,3,0,0,0,1,False
run,1779634930.run,1779634930.3141575,False,14,2 Fungi Beasts,5,88,18,70,8,10,6,4,1,0,0,2,0,False
run,1779634983.run,1779634983.7063613,False,16,Slime Boss,7,146,28,86,10,14,8,4,4,0,0,1,0,True
run,1779634999.run,1779634999.8668065,False,1,Jaw Worm,1,80,10,80,10,11,1,1,0,0,0,0,0,False
run,1779635030.run,1779635030.8505738,False,12,Lagavulin,4,86,14,86,10,11,2,3,1,0,0,1,1,False
run,1779635056.run,1779635056.572559,False,8,Exordium Wildlife,5,75,12,61,7,11,1,3,1,0,0,0,0,False
run,1779635101.run,1779635101.5152266,False,12,Blue Slaver,6,101,22,49,8,13,4,4,3,0,0,1,0,False
run,1779635129.run,1779635129.0911882,False,14,The Mushroom Lair,4,60,9,60,5,10,2,4,3,0,0,2,0,False
run,1779635176.run,1779635176.8497696,False,12,Gremlin Gang,7,132,23,13,1,14,5,3,4,0,0,1,0,False
run,1779635219.run,1779635219.143307,False,16,Slime Boss,6,73,18,59,7,13,7,3,2,0,0,1,0,True
run,1779635277.run,1779635277.4457176,False,11,Gremlin Nob,7,121,31,25,3,15,6,3,1,0,0,1,1,False
run,1779635313.run,1779635313.4374824,False,8,Large Slime,4,79,18,63,11,11,4,2,2,0,0,1,0,False
run,1779635347.run,1779635347.3364065,False,7,The Mushroom Lair,5,100,17,55,6,13,4,2,3,0,0,1,0,False
run,1779635377.run,1779635377.2557652,False,6,3 Sentries,4,87,14,70,7,11,2,2,1,0,0,1,1,False
run,1779635423.run,1779635423.0714936,False,13,Gremlin Nob,6,114,20,68,5,16,7,3,3,0,0,1,1,False
run,1779635452.run,1779635452.2855484,False,7,Large Slime,5,87,14,56,6,14,4,2,2,0,0,0,0,False
run,1779635482.run,1779635482.6822553,False,11,Gremlin Gang,5,68,12,27,2,11,5,3,2,0,0,1,0,False
run,1779635532.run,1779635532.313241,False,12,Blue Slaver,6,113,26,9,2,11,4,3,4,0,0,1,0,False
run,1779635575.run,1779635575.248649,False,10,Gremlin Gang,6,114,20,48,3,12,5,3,4,0,0,1,0,False
run,1779635597.run,1779635597.769688,False,4,Gremlin Gang,4,85,9,85,5,13,3,2,1,0,0,0,0,False
run,1779635645.run,1779635645.6305287,False,10,Exordium Thugs,6,116,24,65,6,14,5,3,1,0,0,1,0,False
run,1779635671.run,1779635671.2505355,False,6,Lagavulin,4,92,13,87,9,12,3,2,0,0,0,1,1,False
run,1779635723.run,1779635723.7509186,False,14,UNKNOWN,7,91,24,24,5,15,7,3,3,0,0,1,0,False
run,1779635773.run,1779635773.4939775,False,16,Slime Boss,6,129,24,87,9,11,5,3,1,0,0,2,0,True
run,1779635805.run,1779635805.905414,False,4,Large Slime,4,103,19,21,3,13,3,1,0,0,0,0,0,False
run,1779635851.run,1779635851.0433903,False,8,Exordium Wildlife,7,115,23,70,7,11,2,2,1,0,0,0,0,False
run,1779635898.run,1779635898.5509841,False,16,Slime Boss,6,117,21,70,6,11,7,3,2,0,0,1,0,True
run,1779635946.run,1779635946.1305356,False,7,Blue Slaver,5,107,28,14,2,12,4,2,2,0,0,1,0,False
run,1779636003.run,1779636003.4628272,False,16,Hexaghost,8,144,29,45,7,12,4,3,4,0,1,2,0,True
run,1779636033.run,1779636033.290437,False,4,Cultist,3,89,17,28,5,11,3,1,0,0,0,0,0,False
run,1779636061.run,1779636061.2815192,False,7,Exordium Wildlife,4,89,14,89,11,9,1,2,0,0,0,0,0,False
run,1779636082.run,1779636082.3129292,False,5,Gremlin Gang,4,73,8,70,4,12,4,2,1,0,0,0,0,False
run,1779636128.run,1779636128.8310747,False,10,Blue Slaver,6,102,25,16,3,12,4,3,2,0,0,0,0,False
run,1779636155.run,1779636155.5577679,False,11,Gremlin Nob,4,107,11,101,7,9,3,3,1,0,0,1,1,False
run,1779636185.run,1779636185.0538678,False,8,Exordium Thugs,4,75,14,75,8,10,1,3,1,0,0,1,0,False
run,1779636239.run,1779636239.1192915,False,12,Exordium Thugs,5,90,13,41,4,13,4,4,1,0,0,1,0,False
run,1779636267.run,1779636267.5059457,False,8,Lagavulin,4,86,14,83,11,11,2,2,2,0,1,1,1,False
run,1779636320.run,1779636320.7679882,False,16,Slime Boss,6,154,26,91,11,14,5,5,4,0,0,0,1,True
run,1779636359.run,1779636359.0908442,False,5,Blue Slaver,4,104,23,25,5,10,2,1,1,0,0,1,0,False
run,1779636398.run,1779636398.1574535,False,13,3 Sentries,5,80,15,70,8,10,3,4,1,0,0,2,1,False
run,1779636429.run,1779636429.4350917,False,6,Large Slime,4,86,16,86,13,12,4,2,1,0,0,0,0,False
run,1779636461.run,1779636461.3992808,False,10,2 Fungi Beasts,4,96,15,95,11,11,3,4,1,0,0,1,0,False
run,1779636489.run,1779636489.0018232,False,7,Exordium Thugs,4,82,10,82,7,10,1,2,2,0,0,1,0,False
run,1779636521.run,1779636521.5891917,False,7,Gremlin Gang,4,97,16,88,11,12,3,2,1,0,0,0,0,False
run,1779636550.run,1779636550.5405962,False,4,Exordium Wildlife,4,82,15,82,10,13,3,2,1,0,0,0,0,False
run,1779636610.run,1779636610.6276186,False,13,Lots of Slimes,6,92,31,40,4,11,3,3,2,0,1,1,0,False
run,1779636652.run,1779636652.1392279,False,16,Slime Boss,6,104,17,56,6,11,4,3,3,0,1,2,0,True
run,1779636682.run,1779636682.3652258,False,4,Jaw Worm,3,106,17,38,5,11,1,1,1,0,0,0,0,False
run,1779636742.run,1779636742.6260166,False,16,The Guardian,8,142,28,50,6,16,7,5,3,0,0,0,0,True
run,1779636763.run,1779636763.0204556,False,5,Cultist,2,83,11,65,7,12,2,1,1,0,0,0,0,False
run,1779636798.run,1779636798.8164399,False,7,Lots of Slimes,5,137,17,47,5,11,2,2,2,0,0,0,0,False
